;DATE;SALES;IS_WEEKEND;IS_HOLIDAY;IS_FESTIVE_DATE;IS_PRE_FESTIVE_DATE;IS_AFTER_FESTIVE_DATE;IS_PEOPLE_WEEK_PAYMENT;IS_LOW_SEASON;AMOUNT_OTHER_OPENED_RESTAURANTS;WEATHER_PRECIPITATION;WEATHER_TEMPERATURE;WEATHER_HUMIDITY
0;20180214;132;0;0;0;0;0;0;1;7;0.0;28.0;66.75
1;20180215;149;0;0;0;0;0;0;1;7;0.0;28.6;61.5
2;20180216;130;0;0;0;0;0;0;1;7;0.0;30.6;65.25
3;20180217;174;1;0;0;0;0;0;1;7;0.0;31.5;65.75
4;20180218;185;1;0;0;0;0;0;1;7;0.0;33.4;58.5
5;20180219;121;0;0;0;0;0;0;1;7;0.0;29.0;75.25
6;20180220;110;0;0;0;0;0;0;1;7;3.3;26.1;91.75
7;20180221;105;0;0;0;0;0;0;1;7;27.0;29.2;82.75
8;20180222;129;0;0;0;0;0;0;1;7;15.0;27.8;73.75
9;20180223;143;0;0;0;0;0;0;1;7;0.0;28.8;73.5
10;20180224;201;1;0;0;0;0;0;1;7;0.0;29.8;80.5
11;20180225;224;1;0;0;0;0;0;1;8;0.0;29.8;74.0
12;20180226;154;0;0;0;0;0;0;1;8;0.0;29.8;74.0
13;20180227;161;0;0;0;0;0;0;1;8;0.0;30.5;85.25
14;20180228;116;0;0;0;0;0;1;1;8;26.4;29.4;81.5
15;20180103;116;0;0;0;0;0;0;0;8;0.0;31.0;82.5
16;20180203;109;0;0;0;0;0;0;0;8;0.0;30.4;75.75
17;20180303;124;1;0;0;0;0;0;0;8;0.0;29.8;74.0
18;20180403;139;1;0;0;0;0;0;0;8;0.0;32.8;80.25
19;20180503;107;0;0;0;0;0;1;0;8;8.2;31.5;79.5
20;20180603;116;0;0;0;0;0;1;0;8;0.0;28.2;85.0
21;20180703;139;0;0;0;0;0;1;0;8;0.7;26.7;63.0
22;20180803;150;0;0;0;0;0;1;0;8;0.0;28.1;69.0
23;20180903;168;0;0;0;0;0;1;0;8;0.0;27.8;76.75
24;20181003;131;1;0;0;0;0;1;0;8;0.0;33.3;70.75
25;20181103;146;1;0;0;0;0;0;0;8;0.0;34.7;63.25
26;20181203;139;0;0;0;0;0;0;0;8;7.5;25.4;63.75
27;20180313;155;0;0;0;0;0;0;0;8;0.0;28.8;58.0
28;20180314;186;0;0;0;0;0;0;0;8;0.0;32.6;61.5
29;20180315;120;0;0;0;0;0;0;0;8;33.3;27.3;79.25
30;20180316;133;0;0;0;0;0;0;0;8;1.9;27.3;65.75
31;20180317;179;1;0;0;0;0;0;0;8;0.0;33.0;72.75
32;20180318;165;1;0;0;0;0;0;0;8;0.0;36.4;63.75
33;20180319;149;0;0;0;0;0;0;0;8;7.5;29.0;74.0
34;20180320;155;0;0;0;0;0;0;0;8;4.4;22.6;84.0
35;20180321;160;0;0;0;0;0;0;0;8;2.0;24.8;76.0
36;20180322;178;0;0;0;0;0;0;0;8;0.0;26.0;63.75
37;20180323;149;0;0;0;0;0;0;0;8;0.0;33.1;70.0
38;20180324;188;1;0;0;0;0;0;0;8;0.0;29.2;91.25
39;20180325;174;1;0;0;0;0;0;0;8;26.9;24.1;78.5
40;20180326;166;0;0;0;0;0;0;0;8;3.2;22.8;87.0
41;20180327;130;0;0;0;0;0;0;0;8;0.6;22.9;89.75
42;20180328;139;0;0;0;0;0;1;0;8;0.8;27.1;88.0
43;20180329;120;0;0;0;0;0;1;0;8;0.0;26.9;88.5
45;20180331;108;1;0;0;0;0;1;0;8;0.0;24.4;94.5
46;20180104;129;1;0;0;0;0;0;0;8;18.6;26.0;91.25
47;20180204;139;0;0;0;0;0;0;0;8;6.4;23.4;90.75
48;20180304;145;0;0;0;0;0;0;0;8;22.8;26.8;84.25
49;20180404;159;0;0;0;0;0;0;0;8;1.4;27.2;87.0
50;20180504;166;0;0;0;0;0;1;0;8;0.2;27.8;79.75
51;20180604;175;0;0;0;0;0;1;0;8;0.0;28.8;81.0
52;20180704;153;1;0;0;0;0;1;0;8;0.0;30.4;74.0
53;20180804;111;1;0;0;0;0;1;0;8;0.0;30.0;78.25
54;20180904;139;0;0;0;0;0;1;0;8;0.0;31.5;76.0
55;20181004;140;0;0;0;0;0;1;0;8;0.0;31.9;72.25
56;20181104;125;0;0;0;0;0;0;0;8;0.0;33.9;64.75
57;20181204;138;0;0;0;0;0;0;0;8;0.0;33.7;61.25
58;20180413;144;0;0;0;0;0;0;0;8;5.4;27.6;83.75
59;20180414;121;1;0;0;0;0;0;0;8;0.2;22.2;75.75
60;20180415;106;1;0;0;0;0;0;0;8;0.0;26.0;73.25
61;20180416;134;0;0;0;0;0;0;0;8;0.0;26.6;69.25
62;20180417;161;0;0;0;0;0;0;0;8;0.0;28.4;70.5
63;20180418;130;0;0;0;0;0;0;0;8;0.0;29.8;64.5
64;20180419;145;0;0;0;0;0;0;0;8;0.0;31.0;67.25
65;20180420;158;0;0;0;0;0;0;0;8;0.0;32.1;64.25
66;20180421;86;1;1;0;0;0;0;0;8;20.2;25.7;91.0
67;20180422;99;1;0;0;0;0;0;0;8;7.5;30.2;79.75
68;20180423;116;0;0;0;0;0;0;0;8;0.0;30.9;75.0
69;20180424;140;0;0;0;0;0;0;0;8;0.0;28.5;84.25
70;20180425;131;0;0;0;0;0;0;0;8;0.0;30.5;78.25
71;20180426;147;0;0;0;0;0;0;0;8;0.0;28.0;87.5
72;20180427;128;0;0;0;0;0;0;0;8;0.0;29.0;78.5
73;20180428;99;1;0;0;0;0;1;0;8;0.0;31.9;72.25
74;20180429;105;1;0;0;0;0;1;0;8;0.0;31.6;74.25
75;20180430;98;0;1;0;0;0;1;0;8;20.6;27.2;82.25
76;20180105;79;0;1;0;0;0;0;0;8;2.6;22.9;92.5
77;20180205;121;0;0;0;0;0;0;0;8;3.3;24.6;81.0
78;20180305;110;0;0;0;0;0;0;0;8;0.0;25.2;83.25
79;20180405;140;0;0;0;0;0;0;0;8;0.0;26.4;84.5
80;20180505;166;1;0;0;0;0;1;0;8;0.2;25.9;85.75
81;20180605;159;1;0;0;0;0;1;0;8;0.0;24.9;82.75
82;20180705;149;0;0;0;0;0;1;0;8;0.0;24.5;80.0
83;20180805;160;0;0;0;0;0;1;0;8;0.0;27.4;75.75
84;20180905;189;0;0;0;1;0;1;0;8;0.0;27.3;71.0
85;20181005;206;0;0;0;1;0;1;0;8;0.0;28.8;71.0
86;20181105;230;0;0;0;1;0;0;0;8;0.0;23.8;90.25
87;20181205;206;1;0;0;1;0;0;0;8;9.6;22.8;74.5
88;20180513;225;1;0;1;0;0;0;0;8;0.0;23.0;73.25
89;20180514;140;0;0;0;0;1;0;0;8;0.0;26.2;76.5
90;20180515;127;0;0;0;0;1;0;0;8;0.0;20.7;82.5
91;20180516;109;0;0;0;0;0;0;0;8;0.6;21.4;60.75
92;20180517;116;0;0;0;0;0;0;0;8;0.0;21.3;73.25
93;20180518;129;0;0;0;0;0;0;0;8;28.0;16.8;95.0
94;20180519;144;1;0;0;0;0;0;0;8;8.7;15.7;94.5
95;20180520;136;1;0;0;0;0;0;0;8;35.1;15.4;84.75
96;20180521;110;0;0;0;0;0;0;0;8;0.1;18.8;83.0
97;20180522;139;0;0;0;0;0;0;0;8;0.0;18.6;77.75
98;20180523;155;0;0;0;0;0;0;0;8;0.0;17.4;80.0
99;20180524;126;0;0;0;0;0;0;0;8;0.0;18.8;75.75
100;20180525;181;0;0;0;0;0;0;0;8;0.0;20.9;78.0
101;20180526;141;1;0;0;0;0;0;0;9;0.0;25.5;81.5
102;20180527;127;1;0;0;0;0;0;0;9;0.0;27.6;79.5
103;20180528;137;0;0;0;0;0;1;0;9;0.0;29.7;78.25
104;20180529;108;0;0;0;0;0;1;0;9;0.0;27.8;63.25
105;20180530;124;0;0;0;0;0;1;0;9;0.0;28.0;69.5
106;20180531;89;0;1;0;0;0;1;0;9;0.0;24.9;83.75
107;20180106;106;0;1;0;0;0;0;0;9;0.7;23.0;93.5
108;20180206;139;1;0;0;0;0;0;0;9;18.8;18.1;75.75
109;20180306;163;1;0;0;0;0;0;0;9;0.0;15.0;87.25
110;20180406;149;0;0;0;0;0;0;0;9;0.0;19.8;79.25
111;20180506;161;0;0;0;0;0;1;0;9;3.8;16.2;80.75
112;20180606;139;0;0;0;0;0;1;0;9;8.4;16.0;80.5
113;20180706;150;0;0;0;0;0;1;0;9;0.2;16.2;70.5
114;20180806;144;0;0;0;0;0;1;0;9;0.0;17.0;79.25
115;20180906;166;1;0;0;0;0;1;0;9;0.0;22.6;66.25
116;20181006;186;1;0;0;0;0;1;0;9;5.9;21.2;86.5
117;20181106;155;0;0;0;0;0;0;0;9;6.7;29.0;76.75
118;20181206;139;0;0;0;0;0;0;0;9;36.4;23.0;93.5
119;20180613;167;0;0;0;0;0;0;0;9;5.6;16.4;64.75
120;20180614;175;0;0;0;0;0;0;0;9;0.0;13.2;74.25
121;20180615;147;0;0;0;0;0;0;0;9;0.0;12.3;79.0
122;20180616;129;1;0;0;0;0;0;0;9;0.0;13.4;77.5
123;20180617;177;1;0;0;0;0;0;0;9;0.0;15.4;80.5
124;20180618;149;0;0;0;0;0;0;0;9;0.0;19.0;85.75
125;20180619;138;0;0;0;0;0;0;0;9;0.2;20.7;85.5
126;20180620;140;0;0;0;0;0;0;0;9;0.1;24.8;83.5
127;20180621;138;0;0;0;0;0;0;0;9;0.0;27.6;83.25
128;20180622;155;0;0;0;0;0;0;0;9;3.2;19.4;72.5
129;20180623;149;1;0;0;0;0;0;0;9;0.0;26.0;83.75
130;20180624;179;1;0;0;0;0;0;0;9;23.4;15.1;84.25
131;20180625;148;0;0;0;0;0;0;0;9;13.2;12.7;95.25
132;20180626;129;0;0;0;0;0;0;0;9;5.6;15.6;87.0
133;20180627;116;0;0;0;0;0;0;0;9;0.1;18.1;91.25
134;20180628;146;0;0;0;0;0;1;0;9;0.0;17.1;96.5
135;20180629;139;0;0;0;0;0;1;0;9;7.5;18.4;96.25
136;20180630;177;1;0;0;0;0;1;0;9;10.0;18.2;91.5
137;20180107;195;1;0;0;0;0;0;0;9;0.0;23.3;83.75
138;20180207;149;0;0;0;0;0;0;0;9;0.0;19.4;94.0
139;20180307;131;0;0;0;0;0;0;0;9;22.6;15.4;76.25
140;20180407;157;0;0;0;0;0;0;0;9;0.0;13.1;87.0
141;20180507;170;0;0;0;0;0;1;0;9;8.4;13.2;95.75
142;20180607;145;0;0;0;0;0;1;0;9;0.8;16.0;93.25
143;20180707;163;1;0;0;0;0;1;0;9;0.5;21.9;88.25
144;20180807;188;1;0;0;0;0;1;0;9;0.9;18.2;80.25
145;20180907;161;0;0;0;0;0;1;0;9;11.4;12.8;95.5
146;20181007;149;0;0;0;0;0;1;0;9;17.0;16.2;89.5
147;20181107;130;0;0;0;0;0;0;0;9;0.0;17.1;86.25
148;20181207;114;0;0;0;0;0;0;0;9;0.0;18.2;83.25
149;20180713;129;0;0;0;0;0;0;0;9;0.0;20.2;81.75
150;20180714;138;1;0;0;0;0;0;0;9;0.0;26.4;75.75
151;20180715;164;1;0;0;0;0;0;0;9;0.0;29.4;72.75
152;20180716;139;0;0;0;0;0;0;0;9;4.4;20.7;93.75
153;20180717;110;0;0;0;0;0;0;0;9;16.5;18.6;97.0
154;20180718;101;0;0;0;0;0;0;0;9;45.5;27.7;83.75
155;20180719;133;0;0;0;0;0;0;0;9;0.0;30.5;69.75
156;20180720;109;0;0;0;0;0;0;0;9;0.0;29.2;81.25
157;20180721;139;1;0;0;0;0;0;0;9;14.5;15.2;59.75
158;20180722;155;1;0;0;0;0;0;0;9;0.0;19.6;79.0
159;20180723;129;0;0;0;0;0;0;0;9;0.0;16.3;84.25
160;20180724;115;0;0;0;0;0;0;0;9;8.3;14.7;92.75
161;20180725;133;0;0;0;0;0;0;0;9;18.2;15.5;94.0
162;20180726;90;0;0;0;0;0;0;0;9;13.4;20.4;91.5
163;20180727;81;0;0;0;0;0;0;0;9;2.0;18.3;83.0
164;20180728;104;1;0;0;0;0;1;0;9;0.0;17.5;95.25
165;20180729;155;1;0;0;0;0;1;0;9;2.1;17.8;66.75
166;20180730;133;0;0;0;0;0;1;0;9;0.0;18.4;79.0
167;20180731;125;0;0;0;0;0;1;0;9;0.0;17.2;75.75
168;20180108;149;0;0;0;0;0;0;0;9;0.0;15.6;74.5
169;20180208;120;0;0;0;0;0;0;0;9;0.0;21.6;76.0
170;20180308;151;0;0;0;0;0;0;0;9;0.0;24.5;81.25
171;20180408;123;1;0;0;0;0;0;0;9;0.0;22.6;75.25
172;20180508;177;1;0;0;0;0;1;0;9;0.0;18.3;76.25
173;20180608;144;0;0;0;0;0;1;0;9;0.0;19.9;75.75
174;20180708;99;0;0;0;0;0;1;0;9;0.0;24.0;69.25
175;20180808;164;0;0;0;1;0;1;0;9;0.0;17.3;92.25
176;20180908;154;0;0;0;1;0;1;0;9;6.0;15.4;88.25
177;20181008;186;0;0;0;1;0;1;0;9;5.2;11.1;77.5
178;20181108;170;1;0;0;1;0;0;0;9;1.9;14.6;94.75
179;20181208;153;1;0;1;0;0;0;0;9;1.8;20.3;87.0
180;20180813;139;0;0;0;0;1;0;0;9;0.0;24.0;80.75
181;20180814;106;0;0;0;0;1;0;0;9;0.1;24.8;77.5
182;20180815;131;0;0;0;0;0;0;0;9;0.0;17.1;79.0
183;20180816;121;0;0;0;0;0;0;0;9;0.0;20.4;78.75
184;20180817;149;0;0;0;0;0;0;0;9;0.0;24.8;72.5
185;20180818;155;1;0;0;0;0;0;0;9;0.0;25.7;66.5
186;20180819;188;1;0;0;0;0;0;0;9;0.0;26.6;80.0
187;20180820;141;0;0;0;0;0;0;0;10;10.6;14.1;91.5
188;20180821;109;0;0;0;0;0;0;0;10;16.1;13.6;82.5
189;20180822;121;0;0;0;0;0;0;0;10;7.6;14.6;90.75
190;20180823;144;0;0;0;0;0;0;0;10;4.0;20.8;72.5
191;20180824;130;0;0;0;0;0;0;0;10;6.2;21.6;94.5
192;20180825;112;1;0;0;0;0;0;0;10;19.6;16.6;61.5
193;20180826;134;1;0;0;0;0;0;0;10;0.0;15.3;56.5
194;20180827;163;0;0;0;0;0;0;0;10;0.0;21.8;66.5
195;20180828;132;0;0;0;0;0;1;0;10;0.1;24.1;72.0
196;20180829;119;0;0;0;0;0;1;0;10;0.0;29.4;61.0
197;20180830;124;0;0;0;0;0;1;0;10;0.0;23.4;85.75
198;20180831;91;0;0;0;0;0;1;0;10;43.8;18.5;97.0
199;20180109;104;1;0;0;0;0;0;0;10;23.2;18.4;96.5
200;20180209;111;1;0;0;0;0;0;0;10;47.5;20.2;92.75
201;20180309;103;0;0;0;0;0;0;0;10;6.5;17.8;91.25
202;20180409;134;0;0;0;0;0;0;0;10;3.5;20.2;84.0
203;20180509;119;0;0;0;0;0;1;0;10;0.0;22.2;73.0
204;20180609;106;0;0;0;0;0;1;0;10;0.0;26.4;61.25
205;20180709;129;0;1;0;0;0;1;0;10;0.0;27.2;60.5
206;20180809;113;1;0;0;0;0;1;0;10;0.0;24.7;72.25
207;20180909;155;1;0;0;0;0;1;0;10;0.0;23.8;78.25
208;20181009;136;0;0;0;0;0;1;0;10;0.0;22.8;75.25
209;20181109;104;0;0;0;0;0;0;0;10;0.0;20.6;77.75
210;20181209;129;0;0;0;0;0;0;0;10;0.0;24.1;74.75
211;20180913;109;0;0;0;0;0;0;0;10;0.0;26.6;70.75
212;20180914;128;0;0;0;0;0;0;0;10;5.8;20.4;94.25
213;20180915;159;1;0;0;0;0;0;0;10;8.3;22.6;82.25
214;20180916;177;1;0;0;0;0;0;0;10;3.6;24.2;74.25
215;20180917;130;0;0;0;0;0;0;0;10;0.0;24.4;82.25
216;20180918;152;0;0;0;0;0;0;0;10;0.0;24.8;77.5
217;20180919;105;0;0;0;0;0;0;0;10;0.0;29.2;70.25
218;20180920;129;0;0;0;0;0;0;0;10;0.0;22.0;71.75
219;20180921;115;0;0;0;0;0;0;0;10;0.1;27.2;80.25
220;20180922;148;1;0;0;0;0;0;0;10;0.0;33.4;64.5
221;20180923;109;1;0;0;0;0;0;0;10;5.7;25.5;95.0
222;20180924;130;0;0;0;0;0;0;0;10;50.7;22.6;91.25
223;20180925;123;0;0;0;0;0;0;0;10;2.9;21.7;91.5
224;20180926;109;0;0;0;0;0;0;0;10;7.7;26.6;80.0
225;20180927;143;0;0;0;0;0;0;0;10;0.0;24.4;80.5
226;20180928;129;0;0;0;0;0;1;0;10;0.1;26.0;84.25
227;20180929;151;1;0;0;0;0;1;0;10;0.0;32.3;73.25
228;20180930;166;1;0;0;0;0;1;0;10;2.4;25.2;81.75
229;20180110;131;0;0;0;0;0;0;0;10;0.0;26.4;87.5
230;20180210;155;0;0;0;0;0;0;0;10;35.0;20.4;93.5
231;20180310;148;0;0;0;0;0;0;0;10;6.4;19.4;88.75
232;20180410;104;0;0;0;0;0;0;0;10;1.1;24.0;63.0
233;20180510;121;0;0;0;0;0;1;0;10;0.0;22.2;61.25
234;20180610;132;1;0;0;0;0;1;0;10;0.0;22.2;65.25
235;20180710;122;1;0;0;0;0;1;0;10;0.0;28.3;70.5
236;20180810;109;0;0;0;0;0;1;0;10;0.0;31.3;71.25
237;20180910;128;0;0;0;0;0;1;0;10;0.0;28.5;82.75
238;20181010;100;0;0;0;0;0;1;0;10;0.9;24.2;75.0
239;20181110;89;0;0;0;0;0;0;0;10;0.0;23.1;66.0
240;20181210;69;0;1;0;0;0;0;0;10;0.0;28.3;78.5
241;20181013;88;1;0;0;0;0;0;0;10;4.5;22.5;81.0
242;20181014;73;1;0;0;0;0;0;0;10;0.2;23.6;76.5
243;20181015;104;0;0;0;0;0;0;0;10;0.0;27.5;72.5
244;20181016;111;0;0;0;0;0;0;0;10;0.0;30.3;70.0
245;20181017;125;0;0;0;0;0;0;0;10;0.0;30.8;71.0
246;20181018;101;0;0;0;0;0;0;0;10;0.0;27.2;81.0
247;20181019;153;0;0;0;0;0;0;0;10;0.0;25.7;67.5
248;20181020;131;1;0;0;0;0;0;0;10;0.0;23.0;63.0
249;20181021;121;1;0;0;0;0;0;0;10;0.0;25.4;65.5
250;20181022;141;0;0;0;0;0;0;0;10;0.0;30.3;62.0
251;20181023;144;0;0;0;0;0;0;0;10;0.0;25.2;70.25
252;20181024;163;0;0;0;0;0;0;0;10;0.0;24.1;67.75
253;20181025;104;0;0;0;0;0;0;0;10;0.0;28.6;72.0
254;20181026;130;0;0;0;0;0;0;0;10;0.0;27.8;84.5
255;20181027;128;1;0;0;0;0;0;0;10;18.5;23.5;78.75
256;20181028;116;1;0;0;0;0;1;0;10;0.9;24.4;68.25
257;20181029;104;0;0;0;0;0;1;0;10;0.0;26.6;69.0
258;20181030;129;0;0;0;0;0;1;0;10;0.0;33.0;62.0
259;20181031;136;0;0;0;0;0;1;0;10;23.5;25.8;81.0
260;20180111;88;0;0;0;0;0;0;0;10;2.3;23.2;76.75
262;20180311;90;1;0;0;0;0;0;0;10;15.5;21.6;89.5
263;20180411;122;1;0;0;0;0;0;0;10;1.6;25.4;69.5
264;20180511;108;0;0;0;0;0;1;0;10;0.0;29.8;68.0
265;20180611;115;0;0;0;0;0;1;0;10;0.0;29.6;74.0
266;20180711;129;0;0;0;0;0;1;0;10;1.0;25.2;77.0
267;20180811;100;0;0;0;0;0;1;0;10;0.3;27.6;63.75
268;20180911;109;0;0;0;0;0;1;0;10;0.0;31.4;62.75
269;20181011;73;1;0;0;0;0;1;0;10;0.0;33.9;62.25
270;20181111;153;1;0;0;0;0;0;0;10;0.0;34.1;58.5
271;20181211;104;0;0;0;0;0;0;0;10;0.0;34.7;73.75
272;20181113;106;0;0;0;0;0;0;0;10;0.0;34.0;60.25
273;20181114;125;0;0;0;0;0;0;0;10;17.9;28.2;75.25
274;20181115;123;0;1;0;0;0;0;0;10;1.0;29.2;57.25
275;20181116;89;0;1;0;0;0;0;0;10;0.0;29.7;68.0
276;20181117;106;1;0;0;0;0;0;0;10;0.0;29.0;69.75
277;20181118;122;1;0;0;0;0;0;0;10;27.5;23.3;75.5
278;20181119;89;0;0;0;0;0;0;0;10;0.0;25.5;59.25
279;20181120;148;0;0;0;0;0;0;0;10;0.0;28.8;61.25
280;20181121;131;0;0;0;0;0;0;0;10;0.0;32.4;62.5
281;20181122;154;0;0;0;0;0;0;0;10;0.0;33.7;63.0
282;20181123;148;0;0;0;0;0;0;0;10;0.0;33.3;67.5
283;20181124;107;1;0;0;0;0;0;0;10;49.3;25.2;91.75
284;20181125;139;1;0;0;0;0;0;0;10;7.2;26.1;62.25
285;20181126;119;0;0;0;0;0;0;0;10;0.0;26.2;62.0
286;20181127;148;0;0;0;0;0;0;0;10;0.0;26.5;72.75
287;20181128;137;0;0;0;0;0;1;0;10;0.0;25.6;79.0
288;20181129;151;0;0;0;0;0;1;0;10;0.0;31.3;72.0
289;20181130;164;0;0;0;0;0;1;0;10;1.7;29.3;85.5
290;20180112;128;1;0;0;0;0;0;0;10;2.3;27.6;85.75
291;20180212;158;1;0;0;0;0;0;0;10;10.0;23.4;66.0
292;20180312;139;0;0;0;0;0;0;0;10;0.0;24.3;53.5
293;20180412;151;0;0;0;0;0;0;0;10;0.0;28.0;50.5
294;20180512;166;0;0;0;0;0;1;0;10;0.0;27.0;63.25
295;20180612;128;0;0;0;0;0;1;0;10;0.0;24.8;67.25
296;20180712;155;0;0;0;0;0;1;0;10;0.0;22.8;55.75
297;20180812;139;1;0;0;0;0;1;0;10;0.0;26.0;55.25
298;20180912;167;1;0;0;0;0;1;0;10;0.0;31.0;57.75
299;20181012;149;0;0;0;0;0;1;0;10;0.0;33.9;50.75
300;20181112;153;0;0;0;0;0;0;0;10;0.0;37.9;48.75
301;20181212;149;0;0;0;0;0;0;0;10;0.1;30.4;72.0
302;20181213;186;0;0;0;0;0;0;0;10;0.0;31.7;77.25
303;20181214;155;0;0;0;0;0;0;0;10;0.1;36.4;71.25
304;20181215;161;1;0;0;0;0;0;0;10;9.8;30.0;81.5
305;20181216;183;1;0;0;0;0;0;0;10;1.0;33.3;71.25
306;20181217;152;0;0;0;0;0;0;0;10;0.0;37.0;73.5
307;20181218;139;0;0;0;0;0;0;0;10;15.3;27.6;87.75
308;20181219;168;0;0;0;0;0;0;0;10;3.7;30.0;84.5
309;20181220;175;0;0;0;0;0;0;0;10;1.9;29.4;84.25
310;20181221;164;0;0;0;1;0;0;0;10;14.3;26.9;80.25
311;20181222;239;1;0;0;1;0;0;0;10;3.1;31.3;72.5
312;20181223;261;1;0;0;1;0;0;0;10;0.0;30.4;66.25
313;20181224;229;0;1;0;1;0;0;0;10;0.0;29.3;70.75
315;20181226;139;0;0;0;1;1;0;0;10;0.0;31.7;68.75
316;20181227;108;0;0;0;1;1;0;0;10;0.0;33.8;68.5
317;20181228;126;0;0;0;1;0;1;0;10;0.0;36.1;57.0
322;20190201;87;0;0;0;0;1;0;1;10;0.0;38.5;57.75
323;20190301;99;0;0;0;0;1;0;1;10;0.0;34.2;87.25
324;20190401;81;0;0;0;0;0;0;1;10;14.2;26.5;82.75
325;20190501;79;1;0;0;0;0;1;1;10;0.0;28.4;72.75
326;20190601;89;1;0;0;0;0;1;1;10;0.0;35.3;67.5
327;20190701;105;0;0;0;0;0;1;1;10;0.2;34.6;72.25
328;20190801;87;0;0;0;0;0;1;1;10;3.7;32.5;67.25
329;20190901;98;0;0;0;0;0;1;1;10;0.0;28.9;71.0
330;20191001;101;0;0;0;0;0;1;1;10;0.2;30.2;74.75
331;20191101;85;0;0;0;0;0;0;1;10;0.2;27.4;80.5
332;20191201;69;1;0;0;0;0;0;1;10;0.1;26.5;84.0
333;20190113;86;1;0;0;0;0;0;1;10;0.2;35.5;65.0
334;20190114;94;0;0;0;0;0;0;1;10;0.3;32.7;77.5
335;20190115;128;0;0;0;0;0;0;1;10;2.6;34.7;69.0
336;20190116;113;0;0;0;0;0;0;1;10;33.8;31.9;76.75
337;20190117;97;0;0;0;0;0;0;1;10;5.4;28.0;89.5
338;20190118;100;0;0;0;0;0;0;1;10;14.7;28.8;88.5
339;20190119;78;1;0;0;0;0;0;1;10;13.1;24.8;92.5
340;20190120;104;1;0;0;0;0;0;1;10;6.4;28.6;77.5
341;20190121;128;0;0;0;0;0;0;1;10;0.0;29.8;82.0
342;20190122;119;0;0;0;0;0;0;1;10;0.0;34.0;72.5
343;20190123;130;0;0;0;0;0;0;1;10;0.0;34.9;65.25
344;20190124;125;0;0;0;0;0;0;1;10;0.0;31.6;82.5
345;20190125;117;0;0;0;0;0;0;1;10;6.0;31.7;69.5
346;20190126;105;1;0;0;0;0;0;1;10;0.0;35.7;67.75
347;20190127;120;1;0;0;0;0;0;1;10;0.0;35.3;61.75
348;20190128;106;0;0;0;0;0;1;1;10;0.0;36.1;59.0
349;20190129;98;0;0;0;0;0;1;1;10;0.0;37.3;63.25
350;20190130;86;0;0;0;0;0;1;1;10;0.0;38.4;52.25
351;20190131;127;0;0;0;0;0;1;1;10;0.0;36.7;75.75
352;20190102;106;0;0;0;0;0;0;1;10;15.9;36.0;80.0
353;20190202;95;1;0;0;0;0;0;1;10;2.1;31.0;84.5
354;20190302;108;1;0;0;0;0;0;1;10;21.4;25.6;72.25
355;20190402;117;0;0;0;0;0;0;1;10;0.0;26.6;66.0
356;20190502;126;0;0;0;0;0;1;1;10;0.0;28.6;63.5
357;20190602;148;0;0;0;0;0;1;1;10;0.0;30.2;70.0
358;20190702;131;0;0;0;0;0;1;1;10;0.0;32.4;65.0
359;20190802;134;0;0;0;0;0;1;1;10;0.0;34.5;61.0
360;20190902;159;1;0;0;0;0;1;1;10;0.0;37.3;55.25
361;20191002;130;1;0;0;0;0;1;1;10;0.0;29.8;84.75
362;20191102;139;0;0;0;0;0;0;1;10;4.4;34.7;75.75
363;20191202;117;0;0;0;0;0;0;1;10;14.7;25.3;72.75
364;20190213;142;0;0;0;0;0;0;1;10;1.5;27.0;66.75
365;20190214;128;0;0;0;0;0;0;1;10;0.0;31.0;65.25
366;20190215;99;0;0;0;0;0;0;1;10;5.0;25.4;83.0
367;20190216;128;1;0;0;0;0;0;1;10;1.6;28.6;78.0
368;20190217;105;1;0;0;0;0;0;1;10;3.8;29.4;69.75
369;20190218;138;0;0;0;0;0;0;1;10;0.0;31.7;72.5
370;20190219;118;0;0;0;0;0;0;1;10;0.0;32.3;70.25
371;20190220;122;0;0;0;0;0;0;1;10;0.0;33.8;65.75
372;20190221;131;0;0;0;0;0;0;1;10;0.0;35.2;67.0
373;20190222;107;0;0;0;0;0;0;1;10;0.0;34.3;62.5
374;20190223;150;1;0;0;0;0;0;1;10;0.0;35.9;57.0
375;20190224;145;1;0;0;0;0;0;1;10;0.0;32.0;81.5
376;20190225;149;0;0;0;0;0;0;1;10;31.8;24.0;94.5
377;20190226;138;0;0;0;0;0;0;1;10;8.7;24.9;70.75
378;20190227;163;0;0;0;1;0;0;1;10;0.2;24.7;70.25
379;20190228;141;0;0;0;1;0;1;1;10;0.0;29.2;67.25
380;20190103;130;0;0;0;1;0;0;0;10;0.0;31.4;69.0
381;20190203;107;1;0;0;1;0;0;0;10;0.0;31.5;54.5
385;20190603;63;0;0;0;0;1;1;0;10;15.4;31.7;76.0
386;20190703;85;0;0;0;0;1;1;0;10;0.0;33.7;70.5
387;20190803;77;0;0;0;0;0;1;0;10;0.1;30.1;84.0
388;20190903;62;1;0;0;0;0;1;0;10;40.9;23.6;88.75
389;20191003;112;1;0;0;0;0;1;0;10;7.3;24.9;71.5
390;20191103;134;0;0;0;0;0;0;0;10;0.0;27.2;73.0
391;20191203;136;0;0;0;0;0;0;0;10;0.0;28.8;70.75
392;20190313;143;0;0;0;0;0;0;0;10;0.3;28.0;77.0
393;20190314;120;0;0;0;0;0;0;0;10;0.8;28.9;72.0
394;20190315;139;0;0;0;0;0;0;0;10;0.0;30.2;75.75
395;20190316;148;1;0;0;0;0;0;0;10;0.0;31.0;74.5
396;20190317;127;1;0;0;0;0;0;0;10;0.0;25.7;88.0
397;20190318;118;0;0;0;0;0;0;0;10;10.1;27.7;90.5
398;20190319;127;0;0;0;0;0;0;0;10;0.7;29.9;75.25
399;20190320;133;0;0;0;0;0;0;0;10;0.0;25.2;75.5
400;20190321;126;0;0;0;0;0;0;0;10;0.6;24.1;65.75
401;20190322;113;0;0;0;0;0;0;0;10;0.0;26.3;72.0
402;20190323;136;1;0;0;0;0;0;0;10;0.0;27.7;74.75
403;20190324;153;1;0;0;0;0;0;0;10;0.0;29.6;62.5
404;20190325;127;0;0;0;0;0;0;0;10;0.0;25.2;64.0
405;20190326;129;0;0;0;0;0;0;0;10;0.0;27.1;75.5
406;20190327;118;0;0;0;0;0;0;0;10;0.0;24.4;82.25
407;20190328;120;0;0;0;0;0;1;0;10;1.9;27.6;74.25
408;20190329;114;0;0;0;0;0;1;0;10;0.0;29.1;73.25
409;20190330;137;1;0;0;0;0;1;0;10;0.0;32.1;68.5
410;20190331;122;1;0;0;0;0;1;0;10;0.1;30.2;76.0
411;20190104;131;0;0;0;0;0;0;0;10;0.0;31.4;79.0
412;20190204;127;0;0;0;0;0;0;0;10;0.0;32.9;70.0
413;20190304;138;0;0;0;0;0;0;0;10;0.0;32.6;72.5
414;20190404;120;0;0;0;0;0;0;0;10;0.0;34.0;76.5
415;20190504;108;0;0;0;0;0;1;0;10;50.7;25.7;85.75
416;20190604;128;1;0;0;0;0;1;0;10;0.1;24.0;93.5
417;20190704;100;1;0;0;0;0;1;0;10;6.4;24.6;81.75
418;20190804;110;0;0;0;0;0;1;0;10;0.2;26.2;72.5
419;20190904;127;0;0;0;0;0;1;0;10;0.0;26.5;70.75
420;20191004;118;0;0;0;0;0;1;0;10;0.0;29.4;67.0
421;20191104;107;0;0;0;0;0;0;0;10;0.0;31.0;76.75
422;20191204;121;0;0;0;0;0;0;0;10;24.0;24.1;83.5
423;20190413;138;1;0;0;0;0;0;0;10;0.0;30.3;82.0
424;20190414;105;1;0;0;0;0;0;0;10;0.0;32.2;68.75
425;20190415;128;0;0;0;0;0;0;0;10;0.0;26.9;87.25
426;20190416;121;0;0;0;0;0;0;0;10;52.7;22.6;94.0
427;20190417;134;0;0;0;0;0;0;0;10;15.2;24.7;82.75
428;20190418;116;0;0;0;0;0;0;0;10;0.1;26.2;82.25
430;20190420;129;1;0;0;0;0;0;0;10;0.0;27.1;82.75
431;20190421;143;1;1;0;0;0;0;0;10;0.0;23.0;82.25
432;20190422;128;0;0;0;0;0;0;0;10;0.4;21.4;76.5
433;20190423;118;0;0;0;0;0;0;0;10;0.0;25.0;79.25
434;20190424;137;0;0;0;0;0;0;0;10;0.0;29.2;81.25
435;20190425;130;0;0;0;0;0;0;0;10;0.0;23.0;91.5
436;20190426;127;0;0;0;0;0;0;0;10;14.9;25.7;92.0
437;20190427;130;1;0;0;0;0;0;0;10;73.7;23.2;91.5
438;20190428;148;1;0;0;0;0;1;0;10;2.5;24.2;83.5
439;20190429;127;0;0;0;0;0;1;0;10;0.1;24.8;81.5
440;20190430;117;0;0;0;0;0;1;0;10;0.0;25.2;85.25
441;20190105;90;0;1;0;0;0;0;0;10;0.4;27.1;74.75
442;20190205;113;0;0;0;0;0;0;0;10;0.1;25.6;79.75
443;20190305;120;0;0;0;0;0;0;0;10;0.0;28.6;87.75
444;20190405;101;1;0;0;0;0;0;0;10;43.0;28.5;89.0
445;20190505;132;1;0;0;0;0;1;0;10;0.0;30.0;86.5
446;20190605;128;0;0;0;0;0;1;0;10;12.0;24.8;86.0
447;20190705;154;0;0;0;0;0;1;0;10;1.5;22.9;77.5
448;20190805;179;0;0;0;1;0;1;0;10;0.0;22.1;81.75
449;20190905;189;0;0;0;1;0;1;0;10;0.0;25.5;82.75
450;20191005;204;0;0;0;1;0;1;0;10;5.6;21.6;94.5
451;20191105;160;1;0;0;1;0;0;0;10;18.6;20.6;89.0
452;20191205;174;1;0;1;0;0;0;0;10;0.9;21.5;84.0
453;20190513;113;0;0;0;0;1;0;0;10;0.7;21.7;89.75
454;20190514;100;0;0;0;0;1;0;0;10;3.0;20.5;94.25
455;20190515;125;0;0;0;0;0;0;0;10;2.2;22.9;91.75
456;20190516;116;0;0;0;0;0;0;0;10;1.7;23.9;77.75
457;20190517;110;0;0;0;0;0;0;0;10;0.0;25.3;72.0
458;20190518;103;1;0;0;0;0;0;0;10;0.0;26.9;82.25
459;20190519;120;1;0;0;0;0;0;0;10;0.0;28.1;80.0
460;20190520;111;0;0;0;0;0;0;0;10;0.0;25.8;88.0
461;20190521;128;0;0;0;0;0;0;0;10;6.0;21.7;90.25
462;20190522;106;0;0;0;0;0;0;0;10;3.6;22.7;94.5
463;20190523;139;0;0;0;0;0;0;0;10;9.2;19.9;89.5
464;20190524;114;0;0;0;0;0;0;0;10;34.5;18.0;89.25
465;20190525;128;1;0;0;0;0;0;0;10;7.2;20.6;82.75
466;20190526;139;1;0;0;0;0;0;0;10;0.1;24.0;80.5
467;20190527;154;0;0;0;0;0;0;0;10;4.1;25.3;90.75
468;20190528;123;0;0;0;0;0;1;0;10;66.2;20.1;92.5
469;20190529;119;0;0;0;0;0;1;0;10;0.3;22.1;81.25
470;20190530;101;0;0;0;0;0;1;0;10;0.2;16.8;93.5
471;20190531;128;0;0;0;0;0;1;0;10;24.0;17.6;94.5
472;20190106;138;1;0;0;0;0;0;0;10;4.1;19.8;89.25
473;20190206;129;1;0;0;0;0;0;0;10;0.8;21.4;88.5
474;20190306;120;0;0;0;0;0;0;0;10;1.8;22.1;84.75
475;20190406;137;0;0;0;0;0;0;0;10;0.3;20.9;88.5
476;20190506;118;0;0;0;0;0;1;0;10;0.1;23.2;80.0
477;20190606;120;0;0;0;0;0;1;0;10;0.0;25.0;82.25
478;20190706;136;0;0;0;0;0;1;0;10;0.0;25.9;75.0
479;20190806;113;1;0;0;0;0;1;0;10;0.0;20.2;88.0
480;20190906;106;1;0;0;0;0;1;0;10;0.2;24.0;81.5
481;20191006;111;0;0;0;0;0;1;0;10;0.0;26.2;81.0
482;20191106;99;0;0;0;0;0;0;0;10;0.0;27.0;83.0
483;20191206;108;0;0;0;0;0;0;0;10;0.0;27.7;79.75
484;20190613;121;0;0;0;0;0;0;0;10;0.0;28.8;78.75
485;20190614;89;0;0;0;0;0;0;0;10;0.0;30.3;78.25
486;20190615;110;1;0;0;0;0;0;0;10;0.0;29.5;81.75
487;20190616;127;1;0;0;0;0;0;0;10;0.0;29.6;86.0
488;20190617;129;0;0;0;0;0;0;0;10;0.0;26.0;87.5
489;20190618;116;0;0;0;0;0;0;0;10;0.0;27.2;73.0
490;20190619;121;0;0;0;0;0;0;0;10;9.4;23.6;67.25
491;20190620;113;0;1;0;0;0;0;0;10;0.0;19.6;79.0
492;20190621;128;0;1;0;0;0;0;0;10;0.0;25.1;80.0
493;20190622;130;1;0;0;0;0;0;0;10;0.0;27.7;84.75
494;20190623;145;1;0;0;0;0;0;0;10;0.1;28.1;79.25
495;20190624;139;0;0;0;0;0;0;0;10;0.0;27.9;71.75
496;20190625;120;0;0;0;0;0;0;0;10;0.0;29.1;70.75
497;20190626;119;0;0;0;0;0;0;0;10;16.2;13.9;72.5
498;20190627;115;0;0;0;0;0;0;0;10;0.0;21.3;83.75
499;20190628;128;0;0;0;0;0;1;0;10;0.2;22.8;93.75
500;20190629;130;1;0;0;0;0;1;0;10;4.0;30.4;65.75
501;20190630;148;1;0;0;0;0;1;0;10;7.2;27.1;92.75
502;20190107;128;0;0;0;0;0;0;0;11;26.4;16.6;83.75
503;20190207;119;0;0;0;0;0;0;0;11;0.3;15.7;85.25
504;20190307;113;0;0;0;0;0;0;0;11;0.0;14.7;63.5
505;20190407;135;0;0;0;0;0;0;0;11;0.0;13.6;64.5
506;20190507;129;0;0;0;0;0;1;0;11;0.0;10.9;58.5
507;20190607;130;1;0;0;0;0;1;0;11;0.0;11.9;73.5
508;20190707;141;1;0;0;0;0;1;0;11;0.0;13.9;75.75
509;20190807;129;0;0;0;0;0;1;0;11;0.0;19.7;78.0
510;20190907;119;0;0;0;0;0;1;0;11;0.0;19.9;85.25
511;20191007;116;0;0;0;0;0;1;0;11;0.1;21.6;80.0
512;20191107;131;0;0;0;0;0;0;0;11;0.0;26.3;74.0
513;20191207;120;0;0;0;0;0;0;0;11;0.0;28.1;77.0
514;20190713;101;1;0;0;0;0;0;0;11;3.0;18.1;92.75
515;20190714;128;1;0;0;0;0;0;0;11;15.7;13.7;91.75
516;20190715;111;0;0;0;0;0;0;0;11;0.8;14.1;82.0
517;20190716;113;0;0;0;0;0;0;0;11;0.0;16.7;84.25
518;20190717;104;0;0;0;0;0;0;0;11;0.0;18.3;88.5
519;20190718;128;0;0;0;0;0;0;0;11;0.0;23.5;84.5
520;20190719;118;0;0;0;0;0;0;0;11;0.0;21.5;86.25
521;20190720;129;1;0;0;0;0;0;0;11;0.0;28.7;75.5
522;20190721;108;1;0;0;0;0;0;0;11;0.0;28.6;73.25
523;20190722;118;0;0;0;0;0;0;0;11;0.0;26.4;80.5
524;20190723;99;0;0;0;0;0;0;0;11;5.2;18.8;95.0
525;20190724;77;0;0;0;0;0;0;0;11;79.4;18.4;96.0
526;20190725;105;0;0;0;0;0;0;0;11;18.2;20.0;90.5
527;20190726;111;0;0;0;0;0;0;0;11;0.0;20.2;88.75
528;20190727;110;1;0;0;0;0;0;0;11;1.2;14.1;88.0
529;20190728;128;1;0;0;0;0;1;0;11;0.2;17.3;83.25
530;20190729;148;0;0;0;0;0;1;0;11;0.0;23.9;83.25
531;20190730;104;0;0;0;0;0;1;0;11;7.8;20.6;87.5
532;20190731;121;0;0;0;0;0;1;0;11;0.0;24.0;80.0
533;20190108;118;0;0;0;0;0;0;0;11;0.0;29.6;77.5
534;20190208;107;0;0;0;0;0;0;0;11;15.8;16.0;71.25
535;20190308;129;1;0;0;0;0;0;0;11;0.0;15.3;67.0
536;20190408;149;1;0;0;0;0;0;0;11;0.0;16.2;76.25
537;20190508;131;0;0;0;0;0;1;0;11;0.0;22.1;79.5
538;20190608;125;0;0;0;0;0;1;0;11;0.2;28.3;72.5
539;20190708;159;0;0;0;1;0;1;0;11;0.0;29.9;72.75
540;20190808;116;0;0;0;1;0;1;0;11;0.0;27.4;88.25
541;20190908;138;0;0;0;1;0;1;0;11;10.3;22.4;93.0
542;20191008;143;1;0;0;1;0;1;0;11;5.6;20.4;79.75
543;20191108;159;1;0;1;0;0;0;0;11;0.0;20.2;80.25
544;20191208;119;0;0;0;0;1;0;0;11;1.5;19.1;94.5
545;20190813;78;0;0;0;0;1;0;0;11;15.2;14.2;62.25
546;20190814;149;0;0;0;0;0;0;0;11;0.0;14.3;84.0
547;20190815;139;0;0;0;0;0;0;0;11;0.1;22.7;77.75
548;20190816;124;0;0;0;0;0;0;0;11;0.0;28.1;71.5
549;20190817;81;1;0;0;0;0;0;0;11;0.0;30.2;51.5
550;20190818;105;1;0;0;0;0;0;0;11;0.0;26.0;74.25
551;20190819;87;0;0;0;0;0;0;0;11;0.1;14.4;75.75
552;20190820;85;0;0;0;0;0;0;0;11;0.0;16.1;76.25
553;20190821;114;0;0;0;0;0;0;0;11;0.0;16.1;82.75
554;20190822;101;0;0;0;0;0;0;0;11;0.0;19.9;71.5
555;20190823;155;0;0;0;0;0;0;0;11;0.0;18.2;83.0
556;20190824;108;1;0;0;0;0;0;0;11;0.0;21.5;73.0
557;20190825;131;1;0;0;0;0;0;0;11;0.0;25.1;67.0
558;20190826;123;0;0;0;0;0;0;0;11;0.0;23.6;69.0
559;20190827;134;0;0;0;0;0;0;0;11;0.0;26.0;78.0
560;20190828;105;0;0;0;0;0;1;0;11;0.0;28.8;77.5
561;20190829;116;0;0;0;0;0;1;0;11;0.0;32.8;65.0
562;20190830;120;0;0;0;0;0;1;0;11;0.0;28.5;74.0
563;20190831;118;1;0;0;0;0;1;0;11;28.6;18.7;89.25
564;20190109;120;1;0;0;0;0;0;0;11;1.0;20.7;70.75
565;20190209;110;0;0;0;0;0;0;0;11;0.0;21.0;69.75
566;20190309;116;0;0;0;0;0;0;0;11;0.0;17.9;70.25
567;20190409;130;0;0;0;0;0;0;0;11;0.0;17.6;60.0
568;20190509;128;0;0;0;0;0;1;0;11;0.0;16.2;70.0
569;20190609;120;0;0;0;0;0;1;0;11;0.0;19.8;86.25
570;20190709;81;1;1;0;0;0;1;0;11;9.8;20.9;93.25
571;20190809;119;1;0;0;0;0;1;0;11;9.0;27.5;86.0
572;20190909;135;0;0;0;0;0;1;0;11;1.6;36.2;62.25
573;20191009;129;0;0;0;0;0;1;0;11;0.0;29.0;81.75
574;20191109;119;0;0;0;0;0;0;0;11;0.2;19.0;94.75
575;20191209;101;0;0;0;0;0;0;0;11;26.2;18.2;94.25
576;20190913;76;0;0;0;0;0;0;0;11;2.8;20.0;73.5
577;20190914;128;1;0;0;0;0;0;0;11;0.2;23.8;82.75
578;20190915;129;1;0;0;0;0;0;0;11;0.0;32.4;70.0
579;20190916;118;0;0;0;0;0;0;0;11;0.0;27.0;84.0
580;20190917;104;0;0;0;0;0;0;0;11;10.0;16.4;93.0
581;20190918;149;0;0;0;0;0;0;0;11;30.9;17.7;88.25
582;20190919;149;0;0;0;0;0;0;0;11;0.1;27.7;78.25
583;20190920;81;0;0;0;0;0;0;0;11;0.0;21.5;71.75
584;20190921;155;1;0;0;0;0;0;0;11;0.0;21.7;71.25
585;20190922;105;1;0;0;0;0;0;0;11;0.0;20.4;69.0
586;20190923;137;0;0;0;0;0;0;0;11;0.0;21.2;70.75
587;20190924;127;0;0;0;0;0;0;0;11;0.0;25.2;69.0
588;20190925;129;0;0;0;0;0;0;0;11;0.0;25.1;76.25
589;20190926;120;0;0;0;0;0;0;0;11;0.0;26.3;62.75
590;20190927;108;0;0;0;0;0;0;0;11;0.0;23.2;72.5
591;20190928;119;1;0;0;0;0;1;0;11;0.0;24.7;68.5
592;20190929;120;1;0;0;0;0;1;0;11;0.0;28.3;76.25
593;20190930;110;0;0;0;0;0;1;0;11;0.1;34.7;65.25
594;20190110;108;0;0;0;0;0;0;0;11;0.0;36.8;54.0
595;20190210;125;0;0;0;0;0;0;0;11;0.0;28.8;88.75
596;20190310;90;0;0;0;0;0;0;0;11;10.8;20.8;93.5
597;20190410;114;0;0;0;0;0;0;0;11;21.5;23.2;95.75
598;20190510;100;1;0;0;0;0;1;0;11;64.7;21.0;93.25
599;20190610;106;1;0;0;0;0;1;0;11;8.9;19.1;87.75
600;20190710;112;0;0;0;0;0;1;0;11;1.1;27.7;71.25
601;20190810;131;0;0;0;0;0;1;0;11;0.0;28.7;72.25
602;20190910;110;0;0;0;0;0;1;0;11;0.0;29.1;70.25
603;20191010;107;0;0;0;0;0;1;0;11;0.1;32.2;65.5
604;20191110;108;0;0;0;0;0;0;0;11;0.0;36.8;54.5
605;20191210;94;1;1;0;0;0;0;0;11;0.0;38.4;54.75
606;20191013;97;1;0;0;0;0;0;0;11;0.0;30.4;79.0
607;20191014;103;0;0;0;0;0;0;0;11;1.8;21.6;92.25
608;20191015;110;0;0;0;0;0;0;0;11;29.5;18.9;88.0
609;20191016;129;0;0;0;0;0;0;0;11;0.4;20.7;89.0
610;20191017;143;0;0;0;0;0;0;0;11;21.1;23.6;93.5
611;20191018;81;0;0;0;0;0;0;0;11;18.8;28.5;77.5
612;20191019;134;1;0;0;0;0;0;0;11;0.0;22.8;71.0
613;20191020;120;1;0;0;0;0;0;0;11;0.0;22.0;67.75
614;20191021;110;0;0;0;0;0;0;0;11;0.9;19.8;89.5
615;20191022;106;0;0;0;0;0;0;0;11;12.8;23.2;79.5
616;20191023;100;0;0;0;0;0;0;0;11;0.0;26.9;75.5
617;20191024;128;0;0;0;0;0;0;0;11;0.0;27.8;63.75
618;20191025;114;0;0;0;0;0;0;0;11;0.0;27.4;66.0
619;20191026;135;1;0;0;0;0;0;0;11;0.0;31.2;69.0
620;20191027;149;1;0;0;0;0;0;0;11;5.0;22.3;92.75
621;20191028;149;0;0;0;0;0;1;0;11;18.2;29.7;73.5
622;20191029;128;0;0;0;0;0;1;0;11;0.2;26.1;89.0
623;20191030;146;0;0;0;0;0;1;0;11;15.2;21.6;95.0
624;20191031;99;0;0;0;0;0;1;0;11;49.1;20.9;91.0
625;20190111;128;0;0;0;0;0;0;0;11;0.0;25.4;82.0
627;20190311;98;1;0;0;0;0;0;0;11;2.6;24.1;75.0
628;20190411;130;0;0;0;0;0;0;0;11;0.1;21.9;93.5
629;20190511;138;0;0;0;0;0;1;0;11;38.5;25.3;81.75
630;20190611;141;0;0;0;0;0;1;0;11;0.1;26.4;64.25
631;20190711;128;0;0;0;0;0;1;0;11;6.2;26.0;87.5
632;20190811;154;0;0;0;0;0;1;0;11;1.5;28.9;78.25
633;20190911;138;1;0;0;0;0;1;0;11;0.0;28.3;78.0
634;20191011;164;1;0;0;0;0;1;0;11;0.8;23.1;89.25
635;20191111;143;0;0;0;0;0;0;0;11;2.5;25.0;79.25
636;20191211;138;0;0;0;0;0;0;0;11;0.1;30.3;72.0
637;20191113;132;0;0;0;0;0;0;0;11;0.0;31.1;65.75
638;20191114;120;0;0;0;0;0;0;0;11;14.0;29.2;84.75
639;20191115;64;0;1;0;0;0;0;0;11;9.0;25.1;73.0
640;20191116;118;1;0;0;0;0;0;0;11;0.0;26.7;66.0
641;20191117;128;1;0;0;0;0;0;0;11;0.0;30.1;59.25
642;20191118;135;0;0;0;0;0;0;0;11;0.0;31.8;59.5
643;20191119;126;0;0;0;0;0;0;0;11;0.0;32.3;69.0
644;20191120;138;0;0;0;0;0;0;0;11;0.0;34.1;68.25
645;20191121;120;0;0;0;0;0;0;0;11;0.0;34.5;64.5
646;20191122;111;0;0;0;0;0;0;0;11;0.4;33.5;78.0
647;20191123;138;1;0;0;0;0;0;0;11;11.6;25.1;68.0
648;20191124;129;1;0;0;0;0;0;0;11;0.0;24.8;62.0
649;20191125;141;0;0;0;0;0;0;0;11;0.0;28.1;66.5
650;20191126;137;0;0;0;0;0;0;0;11;0.0;28.6;75.75
651;20191127;129;0;0;0;0;0;0;0;11;3.0;24.5;80.75
652;20191128;114;0;0;0;0;0;1;0;11;0.5;27.6;54.75
653;20191129;132;0;0;0;0;0;1;0;11;0.0;32.2;58.75
654;20191130;153;1;0;0;0;0;1;0;11;0.0;32.7;63.5
655;20190112;142;1;0;0;0;0;0;0;11;0.0;28.3;60.75
656;20190212;128;0;0;0;0;0;0;0;11;0.0;25.5;58.0
657;20190312;108;0;0;0;0;0;0;0;11;0.0;28.5;54.0
658;20190412;113;0;0;0;0;0;0;0;11;0.0;33.2;74.5
659;20190512;131;0;0;0;0;0;1;0;11;6.7;27.3;68.0
660;20190612;125;0;0;0;0;0;1;0;11;0.0;29.1;52.0
661;20190712;119;1;0;0;0;0;1;0;11;0.0;29.5;61.25
662;20190812;109;1;0;0;0;0;1;0;11;0.0;32.3;61.0
663;20190912;128;0;0;0;0;0;1;0;11;0.0;34.2;58.0
664;20191012;138;0;0;0;0;0;1;0;11;0.0;35.1;51.0
665;20191112;119;0;0;0;0;0;0;0;11;0.0;35.4;60.0
666;20191212;128;0;0;0;0;0;0;0;11;0.0;33.0;56.0
667;20191213;136;0;0;0;0;0;0;0;11;0.0;28.2;58.0
668;20191214;156;1;0;0;0;0;0;0;11;0.0;32.3;66.75
669;20191215;148;1;0;0;0;0;0;0;11;0.0;34.6;68.25
670;20191216;137;0;0;0;0;0;0;0;11;8.0;27.6;73.25
671;20191217;128;0;0;0;0;0;0;0;11;0.1;28.3;65.75
672;20191218;164;0;0;0;0;0;0;0;11;0.0;28.5;63.5
673;20191219;138;0;0;0;0;0;0;0;11;0.0;32.4;63.5
674;20191220;143;0;0;0;0;0;0;0;12;0.0;35.6;61.25
675;20191221;160;1;0;0;1;0;0;0;12;4.3;29.7;67.75
676;20191222;181;1;0;0;1;0;0;0;12;0.0;26.6;53.25
677;20191223;196;0;0;0;1;0;0;0;12;0.0;30.1;51.75
678;20191224;160;0;0;0;1;0;0;0;12;0.0;34.3;54.0
680;20191226;148;0;0;0;1;1;0;0;12;0.0;35.4;63.25
681;20191227;155;0;0;0;1;1;0;0;12;0.0;38.8;63.75
682;20191228;106;1;0;0;1;0;1;0;12;0.0;39.0;58.25
687;20200201;59;0;0;0;0;1;0;1;12;0.7;27.8;73.25
688;20200301;73;0;0;0;0;1;0;1;12;0.8;27.9;71.0
689;20200401;65;1;0;0;0;0;0;1;12;0.1;29.1;71.5
690;20200501;74;1;0;0;0;0;1;1;12;0.1;32.6;65.0
691;20200601;83;0;0;0;0;0;1;1;12;0.0;36.2;61.0
692;20200701;99;0;0;0;0;0;1;1;12;0.1;31.6;67.25
693;20200801;106;0;0;0;0;0;1;1;12;0.0;31.7;62.75
694;20200901;104;0;0;0;0;0;1;1;12;0.0;37.7;65.25
695;20201001;79;0;0;0;0;0;1;1;12;0.6;36.8;76.75
696;20201101;89;1;0;0;0;0;0;1;12;17.3;31.8;77.75
697;20201201;95;1;0;0;0;0;0;1;12;3.2;32.7;57.75
698;20200113;106;0;0;0;0;0;0;1;12;0.0;31.6;68.25
699;20200114;129;0;0;0;0;0;0;1;12;0.0;35.0;66.25
700;20200115;106;0;0;0;0;0;0;1;12;0.0;35.0;73.0
701;20200116;94;0;0;0;0;0;0;1;12;17.8;25.4;64.25
702;20200117;121;0;0;0;0;0;0;1;12;0.0;27.1;62.0
703;20200118;107;1;0;0;0;0;0;1;12;0.0;30.8;66.0
704;20200119;109;1;0;0;0;0;0;1;12;0.0;34.4;67.0
705;20200120;118;0;0;0;0;0;0;1;12;0.0;35.6;67.5
706;20200121;91;0;0;0;0;0;0;1;12;0.0;31.0;81.5
707;20200122;129;0;0;0;0;0;0;1;12;6.3;29.4;75.0
708;20200123;116;0;0;0;0;0;0;1;12;0.0;28.2;74.25
709;20200124;125;0;0;0;0;0;0;1;12;1.4;30.4;70.0
710;20200125;136;1;0;0;0;0;0;1;12;0.0;32.0;57.0
711;20200126;120;1;0;0;0;0;0;1;12;0.0;34.1;65.25
712;20200127;101;0;0;0;0;0;0;1;12;0.0;33.2;82.0
713;20200128;115;0;0;0;0;0;1;1;12;14.8;30.6;73.0
714;20200129;126;0;0;0;0;0;1;1;12;0.0;27.5;81.5
715;20200130;110;0;0;0;0;0;1;1;12;2.0;28.5;79.75
716;20200131;117;0;0;0;0;0;1;1;12;6.3;30.3;82.5
717;20200102;121;1;0;0;0;0;0;1;12;2.2;30.1;71.75
718;20200202;139;1;0;0;0;0;0;1;12;0.0;33.0;71.25
719;20200302;128;0;0;0;0;0;0;1;12;0.2;31.4;73.25
720;20200402;118;0;0;0;0;0;0;1;12;0.0;33.0;70.75
721;20200502;81;0;0;0;0;0;1;1;12;0.0;35.4;67.25
722;20200602;120;0;0;0;0;0;1;1;12;0.0;36.8;69.25
723;20200702;106;0;0;0;0;0;1;1;12;0.0;35.0;66.5
724;20200802;143;1;0;0;0;0;1;1;12;0.0;36.4;74.25
725;20200902;78;1;0;0;0;0;1;1;12;30.4;27.8;72.5
726;20201002;105;0;0;0;0;0;1;1;12;0.0;27.3;73.75
727;20201102;118;0;0;0;0;0;0;1;12;0.0;27.9;69.75
728;20201202;137;0;0;0;0;0;0;1;12;0.0;29.5;71.75
729;20200213;120;0;0;0;0;0;0;1;12;0.0;32.7;61.0
730;20200214;126;0;0;0;0;0;0;1;12;0.0;30.8;62.75
731;20200215;110;1;0;0;0;0;0;1;12;0.2;35.4;62.75
732;20200216;106;1;0;0;0;0;0;1;12;0.0;37.4;61.5
733;20200217;100;0;0;0;0;0;0;1;12;0.0;37.8;64.75
734;20200218;87;0;0;0;0;0;0;1;12;0.6;34.0;79.0
735;20200219;120;0;0;0;0;0;0;1;12;9.0;32.4;66.0
736;20200220;110;0;0;0;1;0;0;1;12;0.0;30.5;67.25
737;20200221;96;0;0;0;1;0;0;1;12;0.0;26.5;61.75
738;20200222;79;1;0;0;1;0;0;1;12;0.0;25.4;63.0
739;20200223;89;1;0;0;1;0;0;1;12;0.0;28.0;67.75
742;20200226;86;0;0;0;0;1;0;1;12;40.6;26.0;70.5
743;20200227;99;0;0;0;0;1;0;1;12;0.0;27.9;64.75
744;20200228;105;0;0;0;0;0;1;1;13;0.0;30.6;64.75
745;20200229;117;1;0;0;0;0;1;1;13;0.0;30.6;70.0
746;20200103;87;1;0;0;0;0;0;0;13;0.0;30.8;68.0
747;20200203;99;0;0;0;0;0;0;0;13;0.0;29.2;66.0
748;20200303;70;0;0;0;0;0;0;0;13;0.0;30.0;70.0
749;20200403;98;0;0;0;0;0;0;0;13;0.0;29.7;67.0
750;20200503;121;0;0;0;0;0;1;0;13;0.0;28.8;67.0
751;20200603;108;0;0;0;0;0;1;0;13;0.0;29.8;70.0
